price,address,Diá»‡n tÃ­ch,HÆ°á»›ng,Máº·t tiá»n,Lá»™ giá»›i,Sá»‘ táº§ng,Sá»‘ phÃ²ng ngá»§,Details,NgÃ y Ä‘Äƒng,Loáº¡i tin,id,Sá»‘ toilet
86 tá»· VNÄ,"Cáº§u Giáº¥y, HN", 265m2, ÄÃ´ng, 6, 10, 2, 2,"+ Ráº¥t Ráº¥t Cáº§n bÃ¡n nhÃ  265m2  Máº·t phá»‘ trung tÃ¢m Cáº§u Giáº¥y SiÃªu Kinh doanh, Cho ThuÃª SiÃªu Ä‘á»‰nh, Ä‘ang cho thuÃª 80tr/1 thÃ¡ng. + Vá»‹ trÃ­ SiÃªu Ä‘áº¹p: Thuáº­n lá»£i giao thÃ´ng, quáº£ng cÃ¡o , Kinh doanh buÃ´n bÃ¡n, Äáº§u tÆ° cho thuÃª... + Gáº§n trÆ°á»ng Äáº¡i Há»c Quá»‘c gia, SÆ° Pháº¡m, Há»c viá»‡n BÃ¡o trÃ­ , gáº§n chá»£, gáº§n Ä‘Æ°á»ng lá»›n, Bá»‡nh viá»‡n Giao thÃ´ng váº­n táº£i... + Äá»‹a Ä‘iá»ƒm : Máº·t phá»‘ rá»™ng, thÃ´ng thoÃ¡ng Ã´ tÃ´ Ä‘á»— cá»­a, trÃ¡nh nhau thoáº£i mÃ¡i, cÃ³ vá»‰a hÃ¨, thuáº­n tiá»‡n Kinh doanh ,Cho thuÃª. +  Diá»‡n tÃ­ch: 265m2. +  GiÃ¡: 86 tá»· ( CÃ³ thÆ°Æ¡ng lÆ°á»£ng ). Miá»…n mÃ´i giá»›i vÃ  trung gian..! LiÃªn há»‡: Äá»©c Phá»‘ 0989657102 (LiÃªn há»‡ Ä‘á»ƒ Ä‘Æ°á»£c tÆ° váº¥n, xem nhÃ  hoÃ n toÃ n miá»…n phÃ­). TÃ´i Ä‘ang cÃ³ ráº¥t nhiá»u cÄƒn nhÃ  vá»›i nhiá»u phÃ¢n khÃºc khÃ¡c nha.",14/04/2022,Tin thÆ°á»ng,batdongsan_so_com_vn_1673802712.9568117,
"4,2 tá»· VNÄ","HÃ€ ÄÃ”NG , HN", 50m2,, 4, 8, 4, 3,"+ Cáº§n bÃ¡n NhÃ  Máº·t tiá»n NgÃ£ tÆ° LÃª Trá»ng Táº¥n HÃ  ÄÃ´ng, 50m2 x 4 Táº§ng . NhÃ  má»›i cháº¯c cháº¯n, vuÃ´ng váº¯n Ä‘áº¹p, Cho thuÃª Kinh Doanh. + Vá»‹ trÃ­ Ä‘áº¹p:. Thuáº­n tiá»‡n giao thÃ´ng ,Ã´ tÃ´ trÃ¡nh nhau, Trung tÃ¢m phÃ¡t triá»ƒn máº¡nh, GiÃ¡ tÄƒng tá»«ng ngÃ y. + Äá»‹a Ä‘iá»ƒm : NgÃ£ tÆ° , TrÆ°á»ng Äáº¡i Há»c, THPT, Trung tÃ¢m thÆ°Æ¡ng máº¡i. + Gáº§n nhiá»u Gáº§n nhiá»u TrÆ°á»ng Äáº¡i há»c, ÄH Phenika, Äáº¡i Há»c Kiá»ƒm SÃ¡t, THPT Nguyá»…n Huá»‡...,Khu Ä‘Ã´ thá»‹, Trung tÃ¢m thÆ°Æ¡ng máº¡i Aeon mall, Metro HÃ  ÄÃ´ng Nhiá»u tiá»‡n Ã­ch xung quanh.. +  Diá»‡n tÃ­ch: 50 m2 x 4 táº§ng,  Sá»• Ä‘á» chÃ­nh chá»§, phÃ¡p lÃ½ sáº¡ch. +  GiÃ¡: Nhá»‰nh 4 tá»· ( CÃ³ thÆ°Æ¡ng lÆ°á»£ng ). Miá»…n mÃ´i giá»›i vÃ  trung gian..! LiÃªn há»‡: Äá»©c Thá»• CÆ°  0898839292. (LiÃªn há»‡ Ä‘á»ƒ Ä‘Æ°á»£c tÆ° váº¥n, xem nhÃ  hoÃ n toÃ n miá»…n phÃ­). TÃ´i Ä‘ang cÃ³ ráº¥t nhiá»u cÄƒn nhÃ  vá»›i nhiá»u phÃ¢n khÃºc khÃ¡c nha.",13/04/2022,Tin thÆ°á»ng,batdongsan_so_com_vn_1673802715.9222944,
16 tá»· VNÄ,"cáº§u giáº¥y, hn", 50m2,, 4, 10, 6, 4,"Vá»‹ trÃ­ Ä‘áº¹p: Äáº¯c Ä‘á»‹a, Gáº§n TrÆ°á»ng Äáº¡i Há»c Quá»‘c Gia, SÆ° Pháº¡m... + Cáº§n bÃ¡n nhÃ   Duy TÃ¢n Cáº§u Giáº¥y Máº·t phá»‘ 6 táº§ng MT 4  Kinh doanh, Cho ThuÃª nhá»‰nh 16 Tá»· + Gáº§n trÆ°á»ng Äáº¡i Há»c Quá»‘c gia, SÆ° Pháº¡m, gáº§n chá»£, gáº§n Ä‘Æ°á»ng lá»›n.. + Äá»‹a Ä‘iá»ƒm : Hai ngÃµ thÃ´ng thoÃ¡ng Ã´ tÃ´ Ä‘á»— cá»­a, trÃ¡nh nhau thoáº£i mÃ¡i, cÃ³ vá»‰a hÃ¨, thuáº­n tiá»‡n  á» ,Cho thuÃª. +  Diá»‡n tÃ­ch: 50 X 6 táº§ng,  Sá»• Ä‘á» chÃ­nh chá»§, phÃ¡p lÃ½ sáº¡ch. +  GiÃ¡: Nhá»‰nh 16 tá»· ( CÃ³ thÆ°Æ¡ng lÆ°á»£ng ). Miá»…n mÃ´i giá»›i vÃ  trung gian..! LiÃªn há»‡: Äá»©c Thá»• CÆ° CG 0898839292. (LiÃªn há»‡ Ä‘á»ƒ Ä‘Æ°á»£c tÆ° váº¥n, xem nhÃ  hoÃ n toÃ n miá»…n phÃ­). TÃ´i Ä‘ang cÃ³ ráº¥t nhiá»u cÄƒn nhÃ  vá»›i nhiá»u phÃ¢n khÃºc khÃ¡c nha.",12/04/2022,Tin thÆ°á»ng,batdongsan_so_com_vn_1673802717.3943589,
3 tá»· VNÄ,"vÄƒn phÃº hÃ  Ä‘Ã´ng, hn", 32m2,, 42, 3, 5, 3,"+ Cáº§n bÃ¡n NhÃ  Tráº§n PhÃº HÃ  ÄÃ´ng, MT 5m x 5 Táº§ng . NhÃ  má»›i cháº¯c cháº¯n, yÃªn tÄ©nh. + Vá»‹ trÃ­ Ä‘áº¹p: Gáº§n nhiá»u TrÆ°á»ng Äáº¡i há»c, ÄH Kiáº¿n TrÃºc, Há»c Viá»‡n An Ninh..., Metro HÃ  ÄÃ´ng . Trung tÃ¢m phÃ¡t triá»ƒn máº¡nh, GiÃ¡ tÄƒng tá»«ng ngÃ y. + Äá»‹a Ä‘iá»ƒm : Gáº§n Ä‘Æ°á»ng lá»›n trung tÃ¢m HÃ  ÄÃ´ng, dÃ¢n trÃ­ cao phÃ¡t triá»ƒn máº¡nh, tiá»‡n Ã­ch ráº¥t nhiá»u. + Gáº§n nhiá»u TrÆ°á»ng Äáº¡i há»c, ÄH Kiáº¿n TrÃºc, Há»c Viá»‡n An Ninh NhÃ¢n DÃ¢n, Y há»c Cá»• truyá»n... Nhiá»u tiá»‡n Ã­ch xung quanh.. +  Diá»‡n tÃ­ch: 32 m2 x 4 táº§ng,  Sá»• Ä‘á» chÃ­nh chá»§, phÃ¡p lÃ½ sáº¡ch. +  GiÃ¡: Nhá»‰nh 3 tá»· ( CÃ³ thÆ°Æ¡ng lÆ°á»£ng ). Miá»…n mÃ´i giá»›i vÃ  trung gian..! LiÃªn há»‡: Äá»©c Thá»• CÆ°  0898839292. (LiÃªn há»‡ Ä‘á»ƒ Ä‘Æ°á»£c tÆ° váº¥n, xem nhÃ  hoÃ n toÃ n miá»…n phÃ­). TÃ´i Ä‘ang cÃ³ ráº¥t nhiá»u cÄƒn nhÃ  vá»›i nhiá»u phÃ¢n khÃºc khÃ¡c nha",11/04/2022,Tin thÆ°á»ng,batdongsan_so_com_vn_1673802719.1805797,
10 tá»· VNÄ,"HÃ€ ÄÃ”NG , HN", 50m2,, 5, 15, 4, 3,"+ Vá»‹ trÃ­ Ä‘áº¹p: Gáº§n Äáº¡i há»c Kiá»ƒm SÃ¡t, Äáº¡i Nam, Aeon mall HÃ  ÄÃ´ng . TÆ°Æ¡ng lai lÃ  trung tÃ¢m phÃ¡t triá»ƒn máº¡nh + Cáº§n bÃ¡n NhÃ  máº·t Ä‘Æ°á»ng, ngÃ£ ba, MT 5m x 4 Táº§ng , CÆ¡ há»™i tá»‘t Ä‘á»ƒ Ä‘áº§u tÆ°. + Äá»‹a Ä‘iá»ƒm : Thuáº­n tiá»‡n kinh doanh , vá»‰a hÃ¨ rá»™ng , Ã” tÃ´ Ä‘á»— cá»­a, trÃ¡nh nhau thoáº£i mÃ¡i. + Gáº§n TrÆ°á»ng Äáº¡i Há»c Kiá»ƒm SÃ¡t, Äáº¡i Nam , CÃ´ng viÃªn ThiÃªn VÄƒn Há»c. Nhiá»u tiá»‡n Ã­ch xung quanh.. +  Diá»‡n tÃ­ch: TrÃªn 50m2 x 4 táº§ng,  Sá»• Ä‘á» chÃ­nh chá»§, phÃ¡p lÃ½ sáº¡ch. +  GiÃ¡: Nhá»‰nh 10 tá»· ( CÃ³ thÆ°Æ¡ng lÆ°á»£ng ). Miá»…n mÃ´i giá»›i vÃ  trung gian..! LiÃªn há»‡: Äá»©c Thá»• CÆ°  0898839292. (LiÃªn há»‡ Ä‘á»ƒ Ä‘Æ°á»£c tÆ° váº¥n, xem nhÃ  hoÃ n toÃ n miá»…n phÃ­). TÃ´i Ä‘ang cÃ³ ráº¥t nhiá»u cÄƒn nhÃ  vá»›i nhiá»u phÃ¢n khÃºc khÃ¡c nha",09/04/2022,Tin thÆ°á»ng,batdongsan_so_com_vn_1673802722.703096,
31 tá»· VNÄ,"HoÃ i Äá»©c,HÃ  Ná»™i", 90m2,, 11, 15, 4, 3,"+ Vá»‹ trÃ­ Ä‘áº¹p: Gáº§n Äáº¡i há»c Kiá»ƒm SÃ¡t, Äáº¡i Nam, Aeon mall HÃ  ÄÃ´ng . TÆ°Æ¡ng lai lÃ  trung tÃ¢m phÃ¡t triá»ƒn máº¡nh + Cáº§n bÃ¡n Biá»‡t Thá»± GELEXIMCO ThÃ nh phá»‘ tÆ°Æ¡i xanh. SÃ n 90m2 x 4 Táº§ng , CÆ¡ há»™i tá»‘t Ä‘á»ƒ Ä‘áº§u tÆ°. + Äá»‹a Ä‘iá»ƒm : Sang trá»ng sáº¡ch Ä‘áº¹p, vá»‰a hÃ¨ rá»™ng , Ã” tÃ´ Ä‘á»— cá»­a, trÃ¡nh nhau thoáº£i mÃ¡i. + Gáº§n TrÆ°á»ng Äáº¡i Há»c Kiá»ƒm SÃ¡t, Äáº¡i Nam , CÃ´ng viÃªn ThiÃªn VÄƒn Há»c, ThiÃªn Ä‘Æ°á»ng Báº£o SÆ¡n. Nhiá»u tiá»‡n Ã­ch xung quanh.. +  Diá»‡n tÃ­ch: TrÃªn 90m2 x 4 táº§ng,  Sá»• Ä‘á» chÃ­nh chá»§, phÃ¡p lÃ½ sáº¡ch. +  GiÃ¡: 30 tá»· ( CÃ³ thÆ°Æ¡ng lÆ°á»£ng ). Miá»…n mÃ´i giá»›i vÃ  trung gian..! LiÃªn há»‡: Äá»©c Thá»• CÆ°  0898839292. (LiÃªn há»‡ Ä‘á»ƒ Ä‘Æ°á»£c tÆ° váº¥n, xem nhÃ  hoÃ n toÃ n miá»…n phÃ­). TÃ´i Ä‘ang cÃ³ ráº¥t nhiá»u cÄƒn nhÃ  vá»›i nhiá»u phÃ¢n khÃºc khÃ¡c nha",09/04/2022,Tin thÆ°á»ng,batdongsan_so_com_vn_1673802724.6139913,
"3,1 tá»· VNÄ","HÃ  Ä‘Ã´ng,HN", 55m2,, 11, 3, 3, 2,"+ Vá»‹ trÃ­ Ä‘áº¹p: Gáº§n Khu ÄÃ´ thá»‹ GELEXIMCO, ThiÃªn ÄÆ°á»ng Báº£o SÆ¡n, ÄÆ°á»ng lá»›n. + Cáº§n bÃ¡n nhÃ  LÃª Trá»ng Táº¥n Máº·t tiá»n 11m x 3 Táº§ng , khuÃ´n viÃªn rá»™ng thoÃ¡ng , Ã” tÃ´ vÃ  táº­n ngÃµ + Gáº§n trung tÃ¢m phÃ¡t triá»ƒn máº¡nh. TrÆ°á»ng THCS, TH, Bá»ƒ BÆ¡i + Äá»‹a Ä‘iá»ƒm : YÃªn tÄ©nh thÃ­ch há»£p á»Ÿ, Cho thuÃª +  Diá»‡n tÃ­ch: TrÃªn 55m2 x 3 táº§ng,  Sá»• Ä‘á» chÃ­nh chá»§, phÃ¡p lÃ½ sáº¡ch. +  GiÃ¡: 3,1 tá»· ( CÃ³ thÆ°Æ¡ng lÆ°á»£ng ). Miá»…n mÃ´i giá»›i vÃ  trung gian..! LiÃªn há»‡: Äá»©c Thá»• CÆ°  0898839292. (LiÃªn há»‡ Ä‘á»ƒ Ä‘Æ°á»£c tÆ° váº¥n, xem nhÃ  hoÃ n toÃ n miá»…n phÃ­). TÃ´i Ä‘ang cÃ³ ráº¥t nhiá»u cÄƒn nhÃ  vá»›i nhiá»u phÃ¢n khÃºc khÃ¡c nha",08/04/2022,Tin thÆ°á»ng,batdongsan_so_com_vn_1673802726.0262072,
"16,5 tá»· VNÄ","Kim ngÆ°u, Hai bÃ  trÆ°ng, HN", 70m2,, 4, 10, 3, 2,"+ Vá»‹ trÃ­ Ä‘áº¹p: Ná»Ÿ háº­u, Máº·t Ä‘Æ°á»ng lá»›n, Gáº§n ngÃ£ tÆ°. + Cáº§n bÃ¡n nhÃ  Máº·t tiá»n  Kim NgÆ°u  3 Táº§ng 2 MT, Kinh Doanh , Cho thuÃª Cá»±c Ä‘á»‰nh  GiÃ¡ chá»‰ 16.5 Tá»· + Gáº§n trung tÃ¢m nhá»™n nhá»‹p phÃ¡t triá»ƒn máº¡nh, gáº§n Ä‘Æ°á»ng lá»›n.. + Äá»‹a Ä‘iá»ƒm : Thuáº­n tiá»‡n Cho thuÃª,Kinh doanh,. Ã´ tÃ´ Ä‘á»— cá»­a, trÃ¡nh nhau hai chiá»u thoáº£i mÃ¡i, vá»‰a hÃ¨ ráº¥t rá»™ng.   +  Diá»‡n tÃ­ch: 70m x 3 táº§ng,  Sá»• Ä‘á» chÃ­nh chá»§, phÃ¡p lÃ½ sáº¡ch. +  GiÃ¡:16,5 tá»· ( CÃ³ thÆ°Æ¡ng lÆ°á»£ng ). Miá»…n mÃ´i giá»›i vÃ  trung gian..! LiÃªn há»‡: Äá»©c Phá»‘ 0898839292. (LiÃªn há»‡ Ä‘á»ƒ Ä‘Æ°á»£c tÆ° váº¥n, xem nhÃ  hoÃ n toÃ n miá»…n phÃ­). TÃ´i Ä‘ang cÃ³ ráº¥t nhiá»u cÄƒn nhÃ  vá»›i nhiá»u phÃ¢n khÃºc khÃ¡c nha",08/04/2022,Tin thÆ°á»ng,batdongsan_so_com_vn_1673802727.4156132,
"20,8 tá»· VNÄ","Cáº§u giáº¥y, HN", 100m2,, 6, 8, 5, 4,"Vá»‹ trÃ­ Ä‘áº¹p: Äáº¯c Ä‘á»‹a + Cáº§n bÃ¡n nhÃ   Mai Dá»‹ch Cáº§u Giáº¥y Máº·t phá»‘ 5  táº§ng 2 MT 6M  Kinh doanh, Cho ThuÃª nhá»‰nh 20 Tá»· + Gáº§n trÆ°á»ng 3 Äáº¡i Há»c, gáº§n chá»£, gáº§n Ä‘Æ°á»ng lá»›n.. + Äá»‹a Ä‘iá»ƒm : Hai ngÃµ thÃ´ng thoÃ¡ng Ã´ tÃ´ Ä‘á»— cá»­a, trÃ¡nh nhau thoáº£i mÃ¡i, cÃ³ vá»‰a hÃ¨, thuáº­n tiá»‡n  á» ,Cho thuÃª. +  Diá»‡n tÃ­ch: 100m X 5 táº§ng,  Sá»• Ä‘á» chÃ­nh chá»§, phÃ¡p lÃ½ sáº¡ch. +  GiÃ¡: Nhá»‰nh 20 tá»· ( CÃ³ thÆ°Æ¡ng lÆ°á»£ng ). Miá»…n mÃ´i giá»›i vÃ  trung gian..! LiÃªn há»‡: Äá»©c Thá»• CÆ° CG 0898839292. (LiÃªn há»‡ Ä‘á»ƒ Ä‘Æ°á»£c tÆ° váº¥n, xem nhÃ  hoÃ n toÃ n miá»…n phÃ­). TÃ´i Ä‘ang cÃ³ ráº¥t nhiá»u cÄƒn nhÃ  vá»›i nhiá»u phÃ¢n khÃºc khÃ¡c nha.",07/04/2022,Tin thÆ°á»ng,batdongsan_so_com_vn_1673802729.2511137,
"6,4 tá»· VNÄ","Cáº§u giáº¥y,HN", 80m2,, 6, 5, 3, 2,"+ Cáº§n bÃ¡n nhÃ   Khu vá»±c Cáº§u Giáº¥y  3  táº§ng MT 6M  Kinh doanh, Cho ThuÃª nhá»‰nh 6 Tá»· + Gáº§n trung tÃ¢m ThÃ nh phá»‘, Gáº§n chá»£, gáº§n trÆ°á»ng Äáº¡i há»c Khoa Há»c vÃ  CÃ´ng Nghá»‡ HÃ  Ná»™i + Vá»‹ trÃ­ : hai ngÃµ thÃ´ng, thuáº­n tiá»‡n  á» ,Cho thuÃª. +  Diá»‡n tÃ­ch: 80m X 3 táº§ng,  Sá»• Ä‘á» chÃ­nh chá»§, phÃ¡p lÃ½ sáº¡ch. +  GiÃ¡: Nhá»‰nh 6 tá»· ( CÃ³ thÆ°Æ¡ng lÆ°á»£ng ). Miá»…n mÃ´i giá»›i vÃ  trung gian..! LiÃªn há»‡: Äá»©c Thá»• CÆ° CG 0898839292. (LiÃªn há»‡ Ä‘á»ƒ Ä‘Æ°á»£c tÆ° váº¥n, xem nhÃ  hoÃ n toÃ n miá»…n phÃ­). TÃ´i Ä‘ang cÃ³ ráº¥t nhiá»u cÄƒn nhÃ  vá»›i nhiá»u phÃ¢n khÃºc khÃ¡c nha.",05/04/2022,Tin thÆ°á»ng,batdongsan_so_com_vn_1673802730.6931348,
"4,7 tá»· VNÄ",ÄÆ°á»ng Phan ÄÃ¬nh GiÃ³t phÆ°á»ng Háº¡ ÄÃ¬nh, 34m2,, 4, 3, 5, 3,"NGÃ• BA GÃC - NHÃ€ DÃ‚N  Tá»° XÃ‚Y Cá»°C Äáº¸P - NGÃ• THÃ”NG Tá»¨ TUNG - Gáº¦N Ã” TÃ” TRÃNH . MiÃªu táº£: + NhÃ  trong ngÃµ thÃ´ng tá»© tung , ngÃµ rá»™ng 3 gÃ¡c Ä‘á»— cá»­a. NhÃ  cÃ¡ch máº·t phá»‘ Phan ÄÃ¬nh GiÃ³t 60m Ä‘i vÃ o nhÃ  tá»« nhiá»u hÆ°á»›ng + Khu vá»±c trung tÃ¢m Thanh XuÃ¢n , gáº§n  bá»‡nh Viá»‡n BÆ°u Äiá»‡n, Bá»‡nh Viá»‡n Báº¡ch Mai vÃ   cÃ¡c trÆ°á»ng Äáº¡i há»c : BÃ¡ch Khoa - Kinh táº¿ - XÃ¢y Dá»±ng . Giao thÃ´ng Ä‘i kháº¯p ngáº£ Ä‘i láº¡i cá»±c ká»³ thuáº­n tiá»‡n+ NhÃ  chá»§ tá»± xÃ¢y Ä‘c 5 nÄƒm, khung cá»™t cháº¯c cháº¯n, thiáº¿t káº¿ má»—i táº§ng 1 phÃ²ng, cáº§u thang cuá»‘i. Tá»•ng 3 ngá»§ + phÃ²ng thá» + sÃ¢n phÆ¡i thoÃ¡ng mÃ¡t. + Sá»• Ä‘á» vuÃ´ng Ä‘áº¹p, chÃ­nh chá»§, sáºµn sÃ ng giao dá»‹ch ngay.+ LiÃªn Há»‡ Ngá»c Anh 0982832991",11/09/2022,Tin thÆ°á»ng,batdongsan_so_com_vn_1673802732.4867792, 3
"18,3 tá»· VNÄ",TÃ´n Äá»©c Tháº¯ng Äá»‘ng Äa HÃ  Ná»™i, 61m2,, 4,, 2, 2,"- Diá»‡n tÃ­ch 61m2 x2 táº§ng, Mt 4.3mGiÃ¡ bÃ¡n 18.3 tá»· ( cÃ³ thÆ°Æ¡ng lÆ°á»£ng ) - Vá»‹ trÃ­ Ä‘áº¯c Ä‘á»‹a, Ä‘áº¹p nháº¥t máº·t phá»‘ TÃ´n Äá»©c Tháº¯ng, kinh doanh báº¥t cháº¥p cÃ¡c loáº¡i hÃ¬nh.- Trung tÃ¢m Äá»‘ng Äa, vá»‰a hÃ¨ rá»™ng rÃ£i kinh doanh sáº§m uáº¥t.- Thiáº¿t káº¿ 2 táº§ng 1 tum Ä‘Ã£ cÅ© chá»§ chá»‰ xÃ¡c Ä‘á»‹nh bÃ¡n Ä‘áº¥t. - LÃªn Há»“ TÃ¢y chá»«ng 5 phÃºt, giao thÃ´ng di chuyá»ƒn thuáº­n tiá»‡n cÃ¡c ngáº£: KhÃ¢m ThiÃªn, VÄƒn Miáº¿u, XÃ£ ÄÃ n.  - Sá»• Ä‘á» chÃ­nh chá»§ phÃ¡p lÃ½ chuáº©n, sáºµn sÃ ng giao dá»‹ch! LiÃªn há»‡ vá»›i em Ä‘á»ƒ Ä‘Æ°á»£c tÆ° váº¥n. Miá»…n ( TG Quáº£ng CÃ¡o ) ",11/09/2022,Tin thÆ°á»ng,batdongsan_so_com_vn_1673802733.8513138, 2
"8,3 tá»· VNÄ",HoÃ i Äá»©c, 65m2,,,,,,"
    BÃN BIá»†T THá»° LIá»€N Ká»€ LAI XÃ, HOÃ€I Äá»¨C 65M 5T Thang mÃ¡y, Ã” tÃ´ nhá»‰nh 8 tá»·
- Vá»‹ trÃ­ Ä‘áº¹p, nhÃ  má»›i Kinh doanh, Cho thuÃª ráº¥t tá»‘t vá»‰a hÃ¨ rá»™ng.
- Giao thÃ´ng thuáº­n tiá»‡n ÄÆ°á»ng Quá»‘c lá»™ 32, XuÃ¢n PhÆ°Æ¡ng, Nhá»•n,..
- Gáº§n KÄT New city, Hinode Royal Park,.. CÃ¡c TrÆ°á»ng Äáº¡i Há»c ThÃ nh ÄÃ´, ÄH CÃ´ng nghiá»‡p HÃ  Ná»™i.
- Sá»• Ä‘áº¹p, sáºµn sang tÃªn nhanh gá»n.
- GiÃ¡ thÆ°Æ¡ng lÆ°á»£ng.
- Gá»i Mr Äá»©c xem nhÃ  tÆ° váº¥n, Chá»‘t giÃ¡ Tá»‘t 0898839292 - 0812212525.
",11/09/2022,Tin thÆ°á»ng,batdongsan_so_com_vn_1673802735.0442286,
36 tá»· VNÄ,ÄÆ°á»ng Nguyá»…n Há»¯u Thá» phÆ°á»ng HoÃ ng Liá»‡t, 220m2,, 12, 15, 6, 11,""",""sans-serif"";="""" background:="""" white;="""" color:="""" #001a33;="""" mso-ansi-language:="""" vi'*="""" vá»‹="""" trÃ­:="""" náº±m="""" trong="""" khu="""" biá»‡t="""" thá»±="""" linh="""" ÄÃ m,="""" hÃ ng="""" xÃ³m="""" toÃ n="""" Ä‘áº³ng="""" cáº¥p,="""" chá»‰="""" vÃ i="""" bÆ°á»›c="""" chÃ¢n="""" ra="""" bá»="""" há»“="""" lá»™ng="""" giÃ³,="""" hÆ°á»Ÿng="""" trá»n="""" khÃ´ng="""" gian="""" sá»‘ng="""" xanh="""" lÃ½="""" tÆ°á»Ÿng.="""" span="""" p="""" class=""MsoNormalSPAN"" á»Ÿ="""" trung="""" tÃ¢m="""" Ä‘Ã´="""" thá»‹="""" kiá»ƒu="""" máº«u,="""" vá»›i="""" cÆ¡="""" sá»Ÿ="""" háº¡="""" táº§ng="""" tá»‘t,="""" ngay="""" sÃ¡t="""" con="""" Ä‘Æ°á»ng="""" nguyá»…n="""" há»¯u="""" thá»,="""" cÃ´ng="""" viÃªn="""" ÄÃ m="""" lÃ ="""" nÆ¡i="""" tÆ°á»Ÿng="""" Ä‘á»ƒ="""" cÃ³="""" má»™t="""" mÃ´i="""" trÆ°á»ng="""" sáº¡ch,="""" khÃ­="""" thoÃ¡ng="""" Ä‘Ã£ng,="""" lÃ nh.="""" vi'="""">* Háº§u háº¿t cÃ¡c NgÃ¢n hÃ ng lá»›n Ä‘á»u táº­p trung nÆ¡i Ä‘Ã¢y, ngoÃ i ra cÃ²n cÃ¡c cÆ¡ quan, bá»‡nh viá»‡n, trÆ°á»ng há»c, bá»ƒ bÆ¡i, nhÃ  hÃ ng, cÃ¡c quÃ¡n cafe vÃ  cÃ¡c khu thÆ° giÃ£n, giáº£i trÃ­ khÃ¡c â€¦. "",""sans-serif"";="""" background:="""" white;="""" color:="""" #001a33;="""" mso-ansi-language:="""" vi'*="""" thiáº¿t="""" káº¿:="""" vá»›i="""" kiáº¿n="""" trÃºc="""" Ä‘áº¹p,="""" sang="""" trá»ng,="""" hÆ°á»Ÿng="""" trá»n="""" váº¹n="""" 4="""" máº·t="""" thoÃ¡ng="""" cá»±c="""" lÃ ="""" tá»•="""" áº¥m="""" tuyá»‡t="""" vá»i,="""" táº­n="""" cÃ¡c="""" tiá»‡n="""" Ã­ch="""" Ä‘Ã¡ng="""" sá»‘ng.="""" phÃ¹="""" há»£p="""" khÃ¡ch="""" mua="""" vá»«a="""" á»Ÿ="""" cho="""" thuÃª,="""" lÃ m="""" vÄƒn="""" phÃ²ng,="""" kinh="""" doanh,="""" sáº¡n.="""" span="""" p="""" class=""MsoNormalSPAN"" vi'-="""" há»‡="""" thá»‘ng="""" thang="""" mÃ¡y,="""" ná»™i="""" tháº¥t="""" Ä‘Æ°á»£c="""" káº¿="""" Ä‘á»™c="""" Ä‘Ã¡o,="""" Ä‘á»§="""" tiÃªu="""" chuáº©n="""" sáº¡n="""" nhiá»u="""" sao.="""" vi'="""">- Táº§ng háº§m : Full háº§m, Ä‘á»ƒ nhiá»u Ã´ tÃ´, xe mÃ¡y. "",""sans-serif"";="""" background:="""" white;="""" color:="""" #001a33;="""" mso-ansi-language:="""" vi'-="""" táº§ng="""" 1="""" :="""" phÃ²ng="""" masage="""" thÆ°="""" giÃ£n="""" vÃ ="""" quáº§y="""" lá»…="""" tÃ¢n.="""" span="""" p="""" class=""MsoNormalSPAN"" 2,3:="""" má»—i="""" 4="""" vi'="""">- Táº§ng 4: Penhouse. "",""sans-serif"";="""" background:="""" white;="""" color:="""" #001a33;="""" mso-ansi-language:="""" vi'-="""" táº§ng="""" 5:="""" 2="""" phÃ²ng="""" span="""" p="""" class=""MsoNormalSPAN"" tum:="""" kho="""" Ä‘á»ƒ="""" Ä‘á»“,="""" sÃ¢n="""" phÆ¡i.="""" vi'="""">* PhÃ¡p lÃ½: Sá»• Ä‘á» Ä‘áº¹p chÃ­nh chá»§, phÃ¡p lÃ½ chuáº©n, sang tÃªn nhanh. "",""sans-serif"";="""" color:="""" #001a33;="""" mso-ansi-language:="""" vi'*="""" giÃ¡="""" chaÌ€o="""" :="""" 36="""" tá»·="""" (="""" cÃ³="""" thÆ°Æ¡ng="""" lÆ°á»£ng)="""" span="""" p="""" class=""MsoNormalSPAN"" liÃªn="""" hÃªÌ£="""" xem="""" nhaÌ€:="""" 0902.083.139="""" vi'="""">MiÃªÌƒn phiÌ xem nhaÌ€ â€“ NguÃ´Ì€n nhaÌ€ phong phuÌ â€“ NhiÃªÌ£t tiÌ€nh tÃ¢Ì£n tÃ¢m â€“ HÃ´Ìƒ trÆ¡Ì£ 24/24",11/09/2022,Tin thÆ°á»ng,batdongsan_so_com_vn_1673802736.962345, 11
"5,86 tá»· VNÄ",Hoa Báº±ng YÃªn HÃ²a Cáº§u Giáº¥y HÃ  Ná»™i, 48m2,, 4,, 4, 4,"NhÃ  Ä‘áº¹p á»Ÿ luÃ´n 5m ra phá»‘ Hoa Báº±ng Cáº§u Giáº¥y thoÃ¡ng trÆ°á»›c sau 48m2 MT4m chá»‰ 5.86 tá»·CÃCH PHá» 5M - NHÃ€ Äáº¸P NHÆ¯ HOA Háº¬U - THOÃNG TRÆ¯á»šC SAU - Äáº¦Y Äá»¦ CÃ”NG NÄ‚NG - 4 NGá»¦ - Vá»€ á» LUÃ”N+ Vá»‹ trÃ­ ngay Ä‘áº§u ngÃµ cÃ¡ch máº·t phá»‘ Ä‘Ãºng 5m.+ Thiáº¿t káº¿ hiá»‡n Ä‘áº¡i 4 táº§ng má»—i táº§ng 2 phÃ²ng, tá»•ng 4 ngá»§, 1 thá» Ä‘á»u cÃ³ ban cÃ´ng cá»­a sá»• thoÃ¡ng sÃ¡ng.+ PhÃ¹ há»£p gia Ä‘Ã¬nh nhiá»u tháº¿ há»‡ á»Ÿ, cÃ³ bÃ£i xe Ã´ tÃ´ cÃ¡ch vÃ i trÄƒm mÃ©t.+ Sá»• Ä‘áº¹p, chá»§ nÃ©t há»£p tÃ¡c muá»‘n bÃ¡n nhanh Ä‘á»ƒ giÃ¡ ráº¥t sÃ¡t.LiÃªn há»‡: Mrs PhÆ°á»£ng 0974352054 - TÆ° váº¥n táº­n tÃ¢m, miá»…n phÃ­ 24/24h (zalo, Fb) , há»— trá»£ tÆ° váº¥n PhÃ¡p lÃ½, vay vá»‘n.",11/09/2022,Tin thÆ°á»ng,batdongsan_so_com_vn_1673802738.4643545,
"4,6 tá»· VNÄ",ÄÆ°á»ng NgÃ´ Quyá»n phÆ°á»ng La KhÃª, 481m2,, 4, 10, 4, 4,,11/09/2022,Tin thÆ°á»ng,batdongsan_so_com_vn_1673802739.9322257, 5
,Äáº¡i thá»‹nh- mÃª linh- hÃ  ná»™i, 300m2,,,,,,"âœ… HUD MÃŠ LINH CENTRAL âœ…âšœï¸ BT01-14âšœï¸ğŸ‘‰ Diá»‡n tÃ­ch: 300mğŸ‘‰ Máº·t tiá»n: 10mğŸ‘‰ ÄÆ°á»ng : 13,5mğŸ‘‰ HÆ°á»›ng : TÃ¢y Báº¯c âœ…  vá»‹ trÃ­ view Ä‘á»‘i diá»‡n trÆ°á»ng máº«u giÃ¡o, cÃ´ng viÃªn cÃ¢y xanh. Giao thÃ´ng thuáº­n tiá»‡n. GiÃ¡ chá»‰ 4xtr/m2. LH: 0989-726-892 Em PhÆ°á»£ng hud mÃª linh centralÄ‘áº¥u giÃ¡ mÃª linhÄ‘áº¥u giÃ¡ chi Ä‘Ã´ngvÃ nh Ä‘ai 4Ä‘áº¥t ná»n mÃª linh",11/09/2022,Tin thÆ°á»ng,batdongsan_so_com_vn_1673802741.437254,
4 tá»· VNÄ,ÄÆ°á»ng PhÃº ÄÃ´ phÆ°á»ng Má»¹ ÄÃ¬nh 1, 40m2,, 5, 4, 5, 6,"+ NhÃ  trong ngÃµ rá»™ng,Ã´ tÃ´ vÃ o nhÃ , nhÃ  Ä‘áº¹p chÃ­nh chá»§ nhÃ  xÃ¢y, kinh doanh tá»‘t. LH; ANH Báº®C .chuyÃªn Báº¥t Ä‘á»™ng sáº£n, nhÃ  Ä‘áº¥t HÃ  Ná»™i dáº«n khÃ¡ch vÃ  tÆ° váº¥n miá»ƒn phÃ­ 24/7.
",11/09/2022,Tin thÆ°á»ng,batdongsan_so_com_vn_1673802743.0470695,
4 tá»· VNÄ,ÄÆ°á»ng PhÃº ÄÃ´ phÆ°á»ng Má»¹ ÄÃ¬nh 1, 40m2,, 5, 4, 5, 6,"+ NhÃ  trong ngÃµ rá»™ng,Ã´ tÃ´ vÃ o nhÃ , nhÃ  Ä‘áº¹p chÃ­nh chá»§ nhÃ  xÃ¢y, kinh doanh tá»‘t. LH; ANH Báº®C .chuyÃªn Báº¥t Ä‘á»™ng sáº£n, nhÃ  Ä‘áº¥t HÃ  Ná»™i dáº«n khÃ¡ch vÃ  tÆ° váº¥n miá»ƒn phÃ­ 24/7.
",11/09/2022,Tin thÆ°á»ng,batdongsan_so_com_vn_1673802745.1840718,
"3,9 tá»· VNÄ",ÄÆ°á»ng TÃ¢n Triá»u phÆ°á»ng TÃ¢n Triá»u, 45m2,, 4, 3, 5, 4,"NhÃ  5 táº§ng, KTS thiáº¿t káº¿, Chá»§ nhÃ  chi tiáº¿t tá»‰ má»‰ xÃ¢y káº¿t cáº¥u bá»n cháº¯c, cÃ´ng nÄƒng quÃ¡ nhiá»u, cÃ¡c phÃ²ng vuÃ´ng váº¯n tá»‰ lá»‡ vÃ ng. Vá»‹ trÃ­ Ä‘áº¯c Ä‘á»‹a, khu vá»±c sáº§m uáº¥t cá»±c nhiá»u tiá»‡n Ã­ch. NgÃµ thÃ´ng thoÃ¡ng, an ninh ráº¥t tá»‘t. Chá»§ táº·ng láº¡i ná»™i tháº¥t.",11/09/2022,Tin thÆ°á»ng,batdongsan_so_com_vn_1673802750.389116, 4
